manufacturer,phonename,releasedate,os,batsize,battype,scrsize,scrtype,nettech,chipset,cpu,gpu,internal,maincammodule,maincamvid,selfcammodule,selfcamvid,price
Meizu,Meizu Note 22 Pro,"2025, May 20",Flyme AIOS 2,6200,80W,1224x2720,"OLED, 1B colors, 144Hz, 700 nits (typ), 1600 nits (peak), 4500 nits (peak)",GSM / HSPA / LTE / 5G,Qualcomm SM7635 Snapdragon 7s Gen 3 (4 nm),Octa-core (1x2.5 GHz Cortex-A720 & 3x2.4 GHz Cortex-A720 & 4x1.8 GHz Cortex-A520),Adreno 810,"256GB 8GB RAM, 256GB 12GB RAM, 512GB 12GB RAM, 512GB 16GB RAM","50 MP, f/1.8, 26mm (wide), PDAF
8 MP, f/2.2, 15mm (ultrawide)
2 MP, f/2.4","Yes, gyro-EIS","8 MP, f/2.1",Yes,300 EUR
Meizu,Meizu Note 22,"2025, May 20",Flyme AIOS 2,6600,40W,1080x2460,"IPS LCD, 120Hz, 1050 nits (HBM), 5000 nits (peak)",GSM / HSPA / LTE / 5G,Unisoc T8200 (6 nm),Octa-core (2x2.3 GHz Cortex-A76 & 6x2.1 GHz Cortex-A55),Mali-G57 MC2,"128GB 8GB RAM, 256GB 8GB RAM, 256GB 12GB RAM","50 MP, f/1.8, 26mm (wide), PDAF
2 MP, f/2.4, (depth)",Yes,"8 MP, f/2.0",Yes,210 EUR
Meizu,Meizu Mblu 22 Pro,"2025, May 20",Android 15,5000,18W,720x1640,"TFT LCD, 120Hz, 400 nits (HBM)",GSM / HSPA / LTE,Mediatek Helio G81 (12 nm),Octa-core (2x2.0 GHz Cortex-A75 & 6x1.8 GHz Cortex-A55),Mali-G52 MC2,"128GB 4GB RAM, 256GB 6GB RAM, 256GB 8GB RAM","50 MP, f/1.8, (wide), PDAF
2 MP, f/2.4, (macro)",Yes,"8 MP, f/2.0",Yes,120 EUR
Meizu,Meizu Mblu 22,"2025, May 20",Android 15,5000,10W,720x1640,"IPS LCD, 90Hz",GSM / HSPA / LTE,Unisoc SC9863A (28 nm),Octa-core (4x1.6 GHz Cortex-A55 & 4x1.2 GHz Cortex-A55),IMG8322,"64GB 3GB RAM, 64GB 4GB RAM, 128GB 4GB RAM","13 MP, f/1.8, 26mm (wide), AF
auxiliary lens",Yes,"5 MP, f/2.2",Yes,80 EUR
Meizu,Meizu Note 22 4G,"2025, May 20","Android 15, Flyme OS",5000,40W,1080x2436,"AMOLED, 120Hz, 550 nits (typ), 1200 nits (HBM), 1800 nits (peak)",GSM / HSPA / LTE,Mediatek Helio G99 (6 nm),Octa-core (2x2.2 GHz Cortex-A76 & 6x2.0 GHz Cortex-A55),Mali-G57 MC2,"128GB 8GB RAM, 256GB 8GB RAM, 512GB 8GB RAM, 1TB 8GB RAM","108 MP, f/1.7, (wide), PDAF
8 MP, f/2.2, (ultrawide)
2 MP, f/2.4, (macro)",Yes,"32 MP, f/2.0",Yes,180 EUR
Meizu,Meizu Note 16,"2025, May 16",Flyme AIOS 2,6600,40W,1080x2460,"IPS LCD, 120Hz, 1050 nits (peak)",GSM / HSPA / LTE / 5G,Unisoc T8200 (6 nm),Octa-core (2x2.3 GHz Cortex-A76 & 6x2.1 GHz Cortex-A55),Mali-G57 MC2,"128GB 8GB RAM, 256GB 8GB RAM, 256GB 12GB RAM","50 MP, f/1.8, 26mm (wide), PDAF
2 MP, f/2.4",Yes,"8 MP, f/2.0",Yes,100 EUR
Meizu,Meizu Note 16 Pro,"2025, May 16",Flyme AIOS 2,6200,80W,1224x2720,"OLED, 1B colors, 144Hz, 700 nits (typ), 1600 nits (peak), 4500 nits (peak)",GSM / HSPA / LTE / 5G,Qualcomm SM7635 Snapdragon 7s Gen 3 (4 nm),Octa-core (1x2.5 GHz Cortex-A720 & 3x2.4 GHz Cortex-A720 & 4x1.8 GHz Cortex-A520),Adreno 810,"256GB 8GB RAM, 256GB 12GB RAM, 512GB 12GB RAM, 512GB 16GB RAM","50 MP, f/1.8, 26mm (wide), PDAF
8 MP, f/2.2, 15mm (ultrawide)
2 MP, f/2.4",Yes,"8 MP, f/2.1",Yes,190 EUR
Meizu,Meizu mblu 21,"2024, November",Android 14,4900,,720x1640,"IPS LCD, 90Hz",GSM / HSPA / LTE,Unisoc T606 (12 nm),Octa-core (2x1.6 GHz Cortex-A75 & 6x1.6 GHz Cortex-A55),Mali-G57 MP1,64GB 4GB RAM,"13 MP, AF
auxiliary lens",Yes,8 MP,Yes,Na
Meizu,Meizu Lucky 08,"2024, September 20",Flyme AIOS,6000,45W,1264x2780,"LTPO AMOLED, 1B colors, 144Hz, HDR, 800 nits (typ), 5000 nits (peak)",GSM / HSPA / LTE / 5G,Qualcomm SM7435-AB Snapdragon 7s Gen 2 (4 nm),Octa-core (4x2.40 GHz Cortex-A78 & 4x1.95 GHz Cortex-A55),Adreno 710,"256GB 8GB RAM, 256GB 12GB RAM, 512GB 12GB RAM","108 MP, f/1.7, 24mm (wide), 1/1.67"", 0.64µm, PDAF
2 MP, f/2.4, (macro)",Yes,"8 MP, f/2.0",Yes,210 EUR
Meizu,Meizu Note 21 Pro,"2024, October",Flyme OS,5000,30W,1080x2400,"IPS LCD, 120Hz, 550 nits",GSM / HSPA / LTE,Mediatek Helio G99 (6 nm),Octa-core (2x2.2 GHz Cortex-A76 & 6x2.0 GHz Cortex-A55),Mali-G57 MC2,256GB 8GB RAM,"64 MP, AF
2 MP",Yes,13 MP,Yes,Na
Meizu,Meizu Note 21,"2024, October",Flyme OS,6000,18W,720x1600 pixels*,"IPS LCD, 90Hz, 450 nits",GSM / HSPA / LTE,Unisoc T606 (12 nm),Octa-core (2x1.6 GHz Cortex-A75 & 6x1.6 GHz Cortex-A55),Mali-G57 MP1,256GB 8GB RAM,"50 MP, AF
2 MP",Yes,8 MP,Yes,Na
Meizu,Meizu Blue 20,"2024, July",Flyme AIOS,5010,,1080x2400,"IPS LCD, 90Hz",GSM / HSPA / LTE / 5G,Unisoc T765 (6 nm),Octa-core (2x2.3 GHz Cortex-A76 & 6x2.1 GHz Cortex-A55),Mali-G57 MC2,"128GB 6GB RAM, 256GB 8GB RAM","13 MP, AF (interpolated to 50 MP)
Secondary unspecified camera","4K@30fps, 1080p@30fps",5 MP (interpolated to 8 MP),1080p@30fps,Na
Meizu,Meizu 21 Note,"2024, May 21",Flyme OS,5500,65W,1264x2780,"LTPO OLED, 1B colors, 144Hz, HDR10+, 800 nits (typ), 1600 nits (HBM), 5000 nits (peak)",GSM / HSPA / LTE / 5G,Qualcomm SM8550-AB Snapdragon 8 Gen 2 (4 nm),Octa-core (1x3.2 GHz Cortex-X3 & 2x2.8 GHz Cortex-A715 & 2x2.8 GHz Cortex-A710 & 3x2.0 GHz Cortex-A510),Adreno 740,"256GB 16GB RAM, 512GB 16GB RAM","50 MP, f/1.7, 24mm (wide), 1/1.56"", PDAF, OIS
13 MP, f/2.4, 16mm, 122˚ (ultrawide), AF","8K, 4K, 1080p; gyro-EIS","16 MP, f/2.5, (wide)",Yes,330 EUR
Meizu,Meizu 21 Pro,"2024, March 02",Flyme OS / Flyme AIOS 2,5050,80W50W,1368x3192,"LTPO AMOLED, 1B colors, 120Hz, HDR10+, 600 nits (typ), 1250 nits (HBM)",GSM / HSPA / LTE / 5G,Qualcomm SM8650-AB Snapdragon 8 Gen 3 (4 nm),Octa-core (1x3.3 GHz Cortex-X4 & 3x3.2 GHz Cortex-A720 & 2x3.0 GHz Cortex-A720 & 2x2.3 GHz Cortex-A520),Adreno 750,"256GB 12GB RAM, 512GB 16GB RAM, 1TB 16GB RAM","50 MP, f/1.9, 24mm (wide), 1/1.3"", 1.2µm, PDAF, OIS
10 MP, f/2.0, 72mm (periscope telephoto), PDAF, OIS, 3x optical zoom
13 MP, f/2.4, 15mm, 122˚ (ultrawide)","8K, 4K, 1080p; gyro-EIS","32 MP, f/2.4, (wide)",Yes,640 EUR
Meizu,Meizu 21,"2023, November 30","Android 13, Flyme 10.5",4800,80W,1080x2340,"AMOLED, 120Hz, HDR10+, 600 nits (typ), 1100 nits (HBM), 1800 nits (peak)",GSM / HSPA / LTE / 5G,Qualcomm SM8650-AB Snapdragon 8 Gen 3 (4 nm),Octa-core (1x3.3 GHz Cortex-X4 & 3x3.2 GHz Cortex-A720 & 2x3.0 GHz Cortex-A720 & 2x2.3 GHz Cortex-A520),Adreno 750,"256GB 8GB RAM, 256GB 12GB RAM, 512GB 12GB RAM","200 MP, f/1.7, 22mm (wide), 1/1.4"", PDAF, OIS
13 MP, f/2.4, 15mm, 122˚ (ultrawide), 1/3.1""
5 MP, f/2.4, 27mm (wide), 1/5.0""","8K@30fps, 4K@30/60fps, 1080p@30/60fps, gyro-EIS","32 MP, f/2.4, (wide), 1/3.1""","4K@30/60fps, 1080p@30/60fps, gyro-EIS",440 EUR
Meizu,Meizu 20 Classic,"2023, October 31","Android 13, Flyme 10",4700,67W,1080x2400,"OLED, 1B colors, 144Hz, 500 nits (typ), 800 nits (HBM)",GSM / HSPA / LTE / 5G,Qualcomm SM8550-AB Snapdragon 8 Gen 2 (4 nm),Octa-core (1x3.2 GHz Cortex-X3 & 2x2.8 GHz Cortex-A715 & 2x2.8 GHz Cortex-A710 & 3x2.0 GHz Cortex-A510),Adreno 740,"256GB 16GB RAM, 512GB 16GB RAM","50 MP, f/1.9, 24mm (wide), 1/1.56"", PDAF, OIS
16 MP, f/2.4, 16mm, 122˚ (ultrawide)
5 MP, f/2.4","8K, 4K, 1080p; gyro-EIS","32 MP, f/2.5, (wide)",Yes,400 EUR
Meizu,Meizu 20 Infinity,"2023, June 12","Android 13, Flyme 10",4800,65W50W,1368x3192,"LTPO OLED, 1B colors, 120Hz, 600 nits (typ), 1800 nits (peak)",GSM / HSPA / LTE / 5G,Qualcomm SM8550-AB Snapdragon 8 Gen 2 (4 nm),Octa-core (1x3.2 GHz Cortex-X3 & 2x2.8 GHz Cortex-A715 & 2x2.8 GHz Cortex-A710 & 3x2.0 GHz Cortex-A510),Adreno 740,"256GB 12GB RAM, 512GB 12GB RAM, 1TB 16GB RAM","50 MP, f/1.8, 23mm (wide), 1/1.56"", PDAF, OIS
12 MP f/2.0, 50mm (telephoto), 1/2.9"", PDAF, OIS, optical zoom
12 MP, f/2.2, 13mm, 122˚ (ultrawide), 1/2.55""","8K, 4K, 1080p; gyro-EIS","32 MP, f/2.4, (wide)",Yes,820 EUR
Meizu,Meizu 20 Pro,"2023, June 20","Android 13, Flyme 10",5000,80W50W,1440x3200,"LTPO OLED, 120Hz, HDR10+, 500 nits (typ), 1800 nits (peak)",GSM / HSPA / LTE / 5G,Qualcomm SM8550-AB Snapdragon 8 Gen 2 (4 nm),Octa-core (1x3.2 GHz Cortex-X3 & 2x2.8 GHz Cortex-A715 & 2x2.8 GHz Cortex-A710 & 3x2.0 GHz Cortex-A510),Adreno 740,"128GB 12GB RAM, 256GB 12GB RAM, 512GB 12GB RAM","50 MP, f/1.9, (wide), PDAF, OIS
50 MP f/1.9, (telephoto), PDAF, 2x optical zoom
50 MP, f/2.2, 129˚ (ultrawide)","8K, 4K, 1080p; gyro-EIS","32 MP, f/2.5, (wide)",Yes,530 EUR
Meizu,Meizu 20,"2023, May 22","Android 13, Flyme 10",4700,67W,1080x2400,"OLED, 1B colors, 144Hz, 500 nits (typ), 800 nits (HBM)",GSM / HSPA / LTE / 5G,Qualcomm SM8550-AB Snapdragon 8 Gen 2 (4 nm),Octa-core (1x3.2 GHz Cortex-X3 & 2x2.8 GHz Cortex-A715 & 2x2.8 GHz Cortex-A710 & 3x2.0 GHz Cortex-A510),Adreno 740,"128GB 12GB RAM, 256GB 12GB RAM, 512GB 12GB RAM","50 MP, f/1.9, 24mm (wide), 1/1.56"", PDAF, OIS
16 MP, f/2.4, 16mm, 122˚ (ultrawide)
5 MP, f/2.4","8K, 4K, 1080p; gyro-EIS","32 MP, f/2.5, (wide)",Yes,400 EUR
Meizu,Meizu 18s Pro,"2021, September 23","Android 11, Flyme 9.2",4500,40W40W,1440x3200,"Super AMOLED, 120Hz, HDR10+, 420 nits (typ), 1300 nits (peak)",GSM / HSPA / LTE / 5G,Qualcomm SM8350 Snapdragon 888+ 5G (5 nm),Octa-core (1x3.0 GHz Cortex-X1 & 3x2.42 GHz Cortex-A78 & 4x1.80 GHz Cortex-A55),Adreno 660,"128GB 8GB RAM, 256GB 8GB RAM, 256GB 12GB RAM","50 MP, f/1.9, 23mm (wide), 1/1.31"", 1.2µm, dual pixel PDAF, OIS
8 MP f/2.4, 79mm (telephoto), 1/4.4"", 1.0µm, PDAF, 3x optical zoom
32 MP, f/2.2, 15mm, 130˚ (ultrawide), 1/2.8"", 0.8µm
0.3 MP, TOF 3D, f/1.4, (depth)","8K, 4K@30/60fps, 1080p; gyro-EIS, HDR","44 MP, f/2.4, (wide), 1/2.65”, 0.7µm","4K@30fps, 1080p@30fps",610 EUR
Meizu,Meizu 18s,"2021, September 23","Android 11, Flyme 9.2",4000,36W,1440x3200,"Super AMOLED, 120Hz, HDR10+, 420 nits (typ), 1300 nits (peak)",GSM / HSPA / LTE / 5G,Qualcomm SM8350 Snapdragon 888+ 5G (5 nm),Octa-core (1x3.0 GHz Cortex-X1 & 3x2.42 GHz Cortex-A78 & 4x1.80 GHz Cortex-A55),Adreno 660,"128GB 8GB RAM, 256GB 8GB RAM, 256GB 12GB RAM","64 MP, f/1.6, 26mm (wide), 1/1.73"", 0.8µm, PDAF, OIS
8 MP f/2.4, 79mm (telephoto), 1/4.4"", 1.0µm, PDAF, 3x optical zoom
16 MP, f/2.2, 15mm, 122˚ (ultrawide), 1/3.0"", 1.0µm","4K@30/60fps, 1080p; gyro-EIS","20 MP, f/2.2, 26mm (wide), 1/3.4"", 0.8µm",1080p@30fps,490 EUR
Meizu,Meizu 18x,"2021, September 22","Android 11, Flyme 9.2",4300,30W,1080x2400,"OLED, 1B colors, 120Hz, 500 nits (typ), 700 nits (peak)",GSM / HSPA / LTE / 5G,Qualcomm SM8250-AC Snapdragon 870 5G (7 nm),Octa-core (1x3.2 GHz Kryo 585 & 3x2.42 GHz Kryo 585 & 4x1.80 GHz Kryo 585),Adreno 650,"128GB 8GB RAM, 256GB 8GB RAM, 256GB 12GB RAM","64 MP, f/1.8, 26mm (wide), 1/1.97"", 0.7µm, PDAF
8 MP, f/2.2, 15mm, 120˚ (ultrawide), 1/4.0"", 1.12µm
2 MP, f/2.4, (depth)",1080p@30fps,"13 MP, f/2.0, (wide)",1080p@30fps,340 EUR
Meizu,Meizu Watch,"2021, June 01",Flyme,430,,368x448,"AMOLED, 450 nits (typ)",GSM / HSPA / LTE,Qualcomm Snapdragon Wear 4100 (12 nm),Quad-core 1.7 GHz Cortex-A53,Adreno 504,8GB 1GB RAM,No,Na,Na,Na,190 EUR
Meizu,Meizu 18 Pro,"2021, March 08","Android 11, Flyme 9",4500,40W40W,1440x3200,"Super AMOLED, 120Hz, HDR10+, 420 nits (typ), 1300 nits (peak)",GSM / HSPA / LTE / 5G,Qualcomm SM8350 Snapdragon 888 5G (5 nm),Octa-core (1x2.84 GHz Cortex-X1 & 3x2.42 GHz Cortex-A78 & 4x1.80 GHz Cortex-A55),Adreno 660,"128GB 8GB RAM, 256GB 8GB RAM, 256GB 12GB RAM","50 MP, f/1.9, 23mm (wide), 1/1.31"", 1.2µm, dual pixel PDAF, OIS
8 MP f/2.4, 79mm (telephoto), 1/4.4"", 1.0µm, PDAF, 3x optical zoom
32 MP, f/2.2, 15mm, 130˚ (ultrawide), 1/2.8"", 0.8µm
0.3 MP, TOF 3D, f/1.4, (depth)","8K, 4K@30/60fps, 1080p; gyro-EIS","44 MP, f/2.4, (wide), 1/2.65”, 0.7µm","4K@30fps, 1080p@30fps",640 EUR
Meizu,Meizu 18,"2021, March 08","Android 11, Flyme 9",4000,36W,1440x3200,"Super AMOLED, 120Hz, HDR10+, 420 nits (typ), 1300 nits (peak)",GSM / HSPA / LTE / 5G,Qualcomm SM8350 Snapdragon 888 5G (5 nm),Octa-core (1x2.84 GHz Cortex-X1 & 3x2.42 GHz Cortex-A78 & 4x1.80 GHz Cortex-A55),Adreno 660,"128GB 8GB RAM, 256GB 8GB RAM, 256GB 12GB RAM","64 MP, f/1.6, 26mm (wide), 1/1.73"", 0.8µm, PDAF, OIS
8 MP f/2.4, 79mm (telephoto), 1/4.4"", 1.0µm, PDAF, 3x optical zoom
16 MP, f/2.2, 15mm, 122˚ (ultrawide), 1/3.0"", 1.0µm","4K@30/60fps, 1080p; gyro-EIS","20 MP, f/2.2, 26mm (wide), 1/3.4"", 0.8µm",1080p@30fps,560 EUR
Meizu,Meizu 17 Pro,"2020, May 11","Android 10, Flyme 8.1",4500,30W27W,1080x2340,"Super AMOLED, 120Hz, HDR10+, 700 nits (typ)",GSM / CDMA / HSPA / LTE / 5G,Qualcomm SM8250 Snapdragon 865 5G (7 nm+),Octa-core (1x2.84 GHz Cortex-A77 & 3x2.42 GHz Cortex-A77 & 4x1.80 GHz Cortex-A55),Adreno 650,"128GB 8GB RAM, 256GB 12GB RAM","64 MP, f/1.8, 26mm (wide), 1/1.72"", 0.8µm, PDAF
8 MP, f/2.4, 79mm (telephoto), 1.0µm, PDAF
32 MP, f/2.2, 15mm, 129˚ (ultrawide), 1/2.8"", 0.8µm
0.3 MP, TOF 3D, f/1.4, (depth)","4K@30/60fps, 1080p; gyro-EIS","20 MP, f/2.2, (wide), 0.8µm",1080p@30fps,560 EUR
Meizu,Meizu 17,"2020, May 11","Android 10, Flyme 8.1",4500,30W,1080x2340,"Super AMOLED, 120Hz, HDR10+, 700 nits (typ)",GSM / CDMA / HSPA / LTE / 5G,Qualcomm SM8250 Snapdragon 865 5G (7 nm+),Octa-core (1x2.84 GHz Cortex-A77 & 3x2.42 GHz Cortex-A77 & 4x1.80 GHz Cortex-A55),Adreno 650,"128GB 8GB RAM, 256GB 8GB RAM","64 MP, f/1.8, 26mm (wide), 1/1.72"", 0.8µm, PDAF
12 MP, f/1.9, 24mm (wide), 1/2.55"", 1.4µm, PDAF
8 MP, f/2.2, 16mm, 118˚ (ultrawide), 1/4.0"", 1.12µm
5 MP, f/1.9, (macro)","4K@30/60fps, 1080p; gyro-EIS","20 MP, f/2.2, (wide), 0.8µm",1080p@30fps,530 EUR
Meizu,Meizu 16T,"2019, October","Android 9.0, Flyme 8",4500,18W,1080x2232,"Super AMOLED, 430 nits (typ)",GSM / CDMA / HSPA / LTE,Qualcomm SM8150 Snapdragon 855 (7 nm),Octa-core (1x2.84 GHz Kryo 485 & 3x2.42 GHz Kryo 485 & 4x1.78 GHz Kryo 485),Adreno 640,"128GB 6GB RAM, 128GB 8GB RAM, 256GB 8GB RAM","12 MP, f/1.9, 24mm (wide), 1/2.55"", 1.4µm, PDAF
8 MP, f/2.2, 15mm (ultrawide), 1/4.0"", 1.12µm, PDAF
5 MP, f/1.9, 23mm (wide), 1/5.0"", 1.12µm, PDAF",4K@30/60fps,"16 MP, f/2.2, 26mm (wide), 1/3.06"", 1.0µm",1080p@30fps,250 EUR
Meizu,Meizu M10,"2019, October","Android 9.0, Flyme 8",4000,,720x1600,"IPS LCD, 450 nits (typ)",GSM / CDMA / HSPA / LTE,Mediatek MT6757T Helio P25 (16 nm),Octa-core (4x2.5 GHz Cortex-A53 & 4x1.6 GHz Cortex-A53),Mali-T880MP2,"32GB 2GB RAM, 32GB 3GB RAM","13 MP, f/2.0, (wide), PDAF
2 MP, f/2.2
2 MP, f/2.2",1080p@30fps,"8 MP, f/2.0",1080p@30fps,180 EUR
Meizu,Meizu 16s Pro,"2019, August","Android 9.0, Flyme 8",3600,24W,1080x2232,Super AMOLED,GSM / CDMA / HSPA / LTE,Qualcomm SM8150 Snapdragon 855+ (7 nm),Octa-core (1x2.96 GHz Kryo 485 & 3x2.42 GHz Kryo 485 & 4x1.78 GHz Kryo 485),Adreno 640 (700 MHz),"128GB 6GB RAM, 128GB 8GB RAM, 256GB 8GB RAM","48 MP, f/1.7, (wide), 1/2.0"", 0.8µm, PDAF, OIS
20MP, f/2.6, (telephoto), 1/2.8"", 1.0µm, PDAF
16 MP, f/2.2, 16mm (ultrawide), 1/3.6"", 1.0µm","4K@30/60fps, 1080p@30fps (gyro-EIS)","20MP, f/2.2",1080p@30fps,340 EUR
Meizu,Meizu 16Xs,"2019, June","Android 9.0, Flyme",4000,24W,1080x2232,Super AMOLED,GSM / CDMA / HSPA / LTE,Qualcomm SDM675 Snapdragon 675 (11 nm),Octa-core (2x2.0 GHz Kryo 460 Gold & 6x1.7 GHz Kryo 460 Silver),Adreno 612,"64GB 6GB RAM, 128GB 6GB RAM","48 MP, f/1.7, 13mm (ultrawide), 1/2.0"", 0.8µm, PDAF
8 MP, f/2.2
5 MP, f/1.9, (depth)","4K@30fps, 1080p@30fps (gyro-EIS)","16 MP, f/2.2, 26mm (wide), 1/3.06"", 1.0µm",1080p@30fps,220 EUR
Meizu,Meizu 16s,"2019, April","Android 9.0, Flyme 7.3",3600,24W,1080x2232,AMOLED,GSM / CDMA / HSPA / LTE,Qualcomm SM8150 Snapdragon 855 (7 nm),Octa-core (1x2.84 GHz Kryo 485 & 3x2.42 GHz Kryo 485 & 4x1.78 GHz Kryo 485),Adreno 640,"128GB 6GB RAM, 128GB 8GB RAM, 256GB 8GB RAM","48 MP, f/1.7, (wide), 1/2.0"", 0.8µm, PDAF, OIS
20MP, f/2.6, (telephoto), PDAF","4K@30fps, 1080p@30fps (gyro-EIS)","20MP, f/2.2",1080p@30fps,420 EUR
Meizu,Meizu Note 9,"2019, March","Android 9.0, Flyme 7.2",4000,18W,1080x2244,IPS LCD,GSM / CDMA / HSPA / LTE,Qualcomm SDM675 Snapdragon 675 (11 nm),Octa-core (2x2.0 GHz Kryo 460 Gold & 6x1.7 GHz Kryo 460 Silver),Adreno 612,"64GB 4GB RAM, 64GB 6GB RAM, 128GB 6GB RAM","48 MP, f/1.7, (wide), 1/2.0"", 0.8µm, PDAF
5 MP, f/2.4, (depth)",1080p@30fps,"20 MP, f/2.0, (wide), 1/2.8"", 1.0µm",1080p@30fps,200 EUR
Meizu,Meizu Zero,Cancelled,Android 8.1,Na,18W,1080x2340,AMOLED,GSM / CDMA / HSPA / LTE,Qualcomm SDM845 Snapdragon 845 (10 nm),Octa-core (4x2.8 GHz Kryo 385 Gold & 4x1.8 GHz Kryo 385 Silver),Adreno 630,"128GB 6GB RAM, 128GB 8GB RAM","12 MP, f/1.8, 27mm (wide), 1/2.3"", 1.55µm, PDAF
20 MP, PDAF","4K@30fps, 1080p@30fps","20 MP, f/2.0, (wide), 1/2.8"", 1.0µm",1080p@30fps,Na
Meizu,Meizu C9 Pro,"2018, December","Android 8.0, Flyme UI",3000,,720x1440,IGZO IPS LCD,GSM / HSPA / LTE,Unisoc SC9832E,Quad-core 1.3 GHz Cortex-A53,Mali-820MP1,32GB 3GB RAM,"13 MP, f/2.2, 1/3.1"", 1.12µm, AF",1080p@30fps,"13 MP, f/2.0, (wide), 1/3.1"", 1.12µm",,110 EUR
Meizu,Meizu C9,"2018, December","Android 8.0, Flyme UI",3000,,720x1440,IGZO IPS LCD,GSM / HSPA / LTE,Unisoc SC9832E,Quad-core 1.3 GHz Cortex-A53,Mali-820MP1,16GB 2GB RAM,"13 MP, f/2.2, 1/3.1"", 1.12µm, AF",1080p@30fps,"8 MP, f/2.2, 1/4.0"", 1.12µm",,90 EUR
Meizu,Meizu Note 8,"2018, November","Android 8.0, Flyme 7.3",3600,24W,1080x2160,IPS LCD,GSM / CDMA / HSPA / LTE,Qualcomm SDM632 Snapdragon 632 (14 nm),Octa-core (4x1.8 GHz Kryo 250 Gold & 4x1.8 GHz Kryo 250 Silver),Adreno 506,64GB 4GB RAM,"12 MP, f/1.9, 1/2.55"", 1.4µm, dual pixel PDAF
5 MP, f/2.4, (depth)",1080p@30fps,"8 MP, f/2.0",,200 EUR
Meizu,Meizu X8,"2018, October","Android 8.0, Flyme UI",3210,,1080x2220,IPS LCD,GSM / CDMA / HSPA / LTE,Qualcomm SDM710 Snapdragon 710 (10 nm),Octa-core (2x2.2 GHz 360 Gold & 6x1.7 GHz Kryo 360 Silver),Adreno 616,"64GB 4GB RAM, 64GB 6GB RAM, 128GB 6GB RAM","12 MP, f/1.9, 1/2.55"", 1.4µm, dual pixel PDAF
5 MP",1080p@30fps,"20 MP, f/2.0, (wide), 1/2.8"", 1.0µm",,200 EUR
Meizu,Meizu V8 Pro,"2018, September","Android 8.0, Flyme UI",3100,,720x1440,IPS LCD,GSM / CDMA / HSPA / LTE,Mediatek MT6762 Helio P22 (12 nm),Octa-core 2.0 GHz Cortex-A53,PowerVR GE8320,64GB 4GB RAM,"12 MP, f/2.2, AF
5 MP, f/2.2",1080p@30fps,"5 MP, f/1.9",,150 EUR
Meizu,Meizu V8,"2018, September","Android 8.0, Flyme UI",3200,,720x1440,IPS LCD,GSM / CDMA / HSPA / LTE,Mediatek MT6739 (28 nm),Quad-core 1.5 GHz Cortex-A53,PowerVR GE8100,32GB 3GB RAM,"13 MP, f/2.2, AF",1080p@30fps,"5 MP, f/1.9",,100 EUR
Meizu,Meizu 16X,"2018, September","Android 8.0, Flyme UI",3100,,1080x2160,Super AMOLED,GSM / CDMA / HSPA / LTE,Qualcomm SDM710 Snapdragon 710 (10 nm),Octa-core (2x2.2 GHz 360 Gold & 6x1.7 GHz Kryo 360 Silver),Adreno 616,"64GB 6GB RAM, 128GB 6GB RAM","12 MP, f/1.8, 1/2.3"", 1.55µm, dual pixel PDAF, 4-axis OIS
20 MP, f/2.6, 1/2.6"", 1.0µm, AF","4K@30fps, 1080p@30fps (gyro-EIS)","20 MP, f/2.0, (wide), 1/2.8"", 1.0µm",1080p@30fps,300 EUR
Meizu,Meizu 16,"2018, August","Android 8.1, Flyme UI",3010,24W,1080x2160,Super AMOLED,GSM / CDMA / HSPA / LTE,Qualcomm SDM845 Snapdragon 845 (10 nm),Octa-core (4x2.8 GHz Kryo 385 Gold & 4x1.7 GHz Kryo 385 Silver),Adreno 630,"64GB 6GB RAM, 128GB 8GB RAM","12 MP, f/1.8, 25mm (wide), 1/2.3"", 1.55µm, dual pixel PDAF, 4-axis OIS
20 MP, f/2.6, 1/2.6"", 1.0µm","4K@30fps, 1080p@30fps (gyro-EIS)","20 MP, f/2.0, 27mm (wide), 1/2.8"", 1.0µm",1080p@30fps,410 EUR
Meizu,Meizu 16 Plus,"2018, August","Android 8.1, Flyme UI",3570,24W,1080x2160,Super AMOLED,GSM / CDMA / HSPA / LTE,Qualcomm SDM845 Snapdragon 845 (10 nm),Octa-core (4x2.8 GHz Kryo 385 Gold & 4x1.7 GHz Kryo 385 Silver),Adreno 630,"128GB 6GB RAM, 128GB 8GB RAM, 256GB 8GB RAM","12 MP, f/1.8, 1/2.3"", 1.55µm, dual pixel PDAF, 4-axis OIS
20 MP, f/2.6, 1/2.6"", 1.0µm, AF","4K@30fps, 1080p@30fps (gyro-EIS)","20 MP, f/2.0, (wide), 1/2.8"", 1.0µm",1080p@30fps,480 EUR
Meizu,Meizu M6T,"2018, June","Android 7.0, Flyme UI",3300,,720x1440,IPS LCD,GSM / CDMA / HSPA / LTE,Mediatek MT6750 (28 nm),Octa-core (4x1.5 GHz Cortex-A53 & 4x1.0 GHz Cortex-A53),Mali-T860MP2,"32GB 3GB RAM, 32GB 4GB RAM, 64GB 4GB RAM","13 MP, f/2.2, PDAF
2 MP, f/2.4, (depth)",1080p@30fps,"8 MP, f/2.0",,130 EUR
Meizu,Meizu M8c,"2018, June","Android 7.0, Flyme UI",3070,,720x1440,IPS LCD,GSM / HSPA / LTE,Qualcomm MSM8917 Snapdragon 425 (28 nm),Quad-core 1.4 GHz Cortex-A53,Adreno 308,"16GB 2GB RAM, 32GB 2GB RAM","13 MP, f/2.2, PDAF",1080p@30fps,"8 MP, f/2.0",,140 EUR
Meizu,Meizu 15 Plus,"2018, April","Android 7.1.2, Flyme 7.3",3500,24W,1440x2560,Super AMOLED,GSM / CDMA / HSPA / LTE,Exynos 8895 (10 nm),Octa-core (4x2.5 GHz Mongoose M2 & 4x1.7 GHz Cortex-A53),Mali-G71 MP20,"64GB 6GB RAM, 128GB 6GB RAM","12 MP, f/1.8, 1/2.3"", 1.55 µm, dual pixel PDAF, 4-axis OIS
20 MP, 1/2.8"", 1.0 µm, AF, portraits only","4K@30fps, 1080p@30fps (gyro-EIS)","20 MP, f/2.0, (wide), 1/2.8"", 1.0µm",1080p@30fps,480 EUR
Meizu,Meizu 15,"2018, April","Android 7.1.2, Flyme 7.3",3000,24W,1080x1920,Super AMOLED,GSM / CDMA / HSPA / LTE,Qualcomm SDM660 Snapdragon 660 (14 nm),Octa-core (4x2.2 GHz Kryo 260 Gold & 4x1.8 GHz Kryo 260 Silver),Adreno 512,"64GB 4GB RAM, 128GB 4GB RAM","12 MP, f/1.8, 1/2.3"", 1.55 µm, dual pixel PDAF, 4-axis OIS
20 MP, 1/2.8"", 1.0 µm, AF, portraits only","4K@30fps, 1080p@30fps","20 MP, f/2.0, (wide), 1/2.8"", 1.0µm",1080p@30fps,400 EUR
Meizu,Meizu 15 Lite,"2018, May","Android 7.1.2, Flyme 7",3000,18W,1080x1920,IPS LCD,GSM / CDMA / HSPA / LTE,Qualcomm MSM8953-Pro Snapdragon 626 (14 nm),Octa-core 2.2 GHz Cortex-A53,Adreno 506,64GB 4GB RAM,"12 MP, f/1.9, 1.4 µm, dual pixel PDAF",1080p@30fps,"20 MP, f/2.0, (wide), 1/2.8"", 1.0µm",1080p@30fps,240 EUR
Meizu,Meizu E3,"2018, April","Android 7.1.2, Flyme 7",3360,24W,1080x2160,IPS LCD,GSM / CDMA / HSPA / EVDO / LTE,Qualcomm SDM636 Snapdragon 636 (14 nm),Octa-core (4x1.8 GHz Kryo 260 Gold & 4x1.6 GHz Kryo 260 Silver),Adreno 509,"64GB 6GB RAM, 128GB 6GB RAM","12 MP, f/1.9, 1/2.55"", 1.4µm, dual pixel PDAF
20 MP, f/2.6, 1/2.8"", 1.0µm, PDAF",1080p@30fps,"8 MP, f/2.0, 1/3.2"", 1.4µm",1080p@30fps,280 EUR
Meizu,Meizu M6s,"2018, January","Android 7.0, Flyme 6.2",3000,18W,720x1440,IPS LCD,GSM / HSPA / LTE,Exynos 7872 (14 nm),Hexa-core (4x1.6 GHz Cortex-A53 & 2x2.0 GHz Cortex-A73),Mali-G71 MP1,"32GB 3GB RAM, 64GB 3GB RAM","16 MP, f/2.0, PDAF",1080p@30fps,"8 MP, f/2.0",,150 EUR
Meizu,Meizu M6,"2017, September","Android 7, Flyme 7.3",3070,24W,720x1280,IPS LCD,GSM / HSPA / LTE,Mediatek MT6750 (28 nm),Octa-core (4x1.5 GHz Cortex-A53 & 4x1.0 GHz Cortex-A53),Mali-T860MP2,"16GB 2GB RAM, 32GB 3GB RAM","13 MP, f/2.2, PDAF",1080p@30fps,"8 MP, f/2.0",,130 EUR
Meizu,Meizu M6 Note,"2017, September","Android 7.1.2, Flyme 7.3",4000,24W,1080x1920,IPS LCD,GSM / CDMA / HSPA / LTE,Qualcomm MSM8953 Snapdragon 625 (14 nm),Octa-core 2.0 GHz Cortex-A53,Adreno 506,"16GB 4GB RAM, 32GB 3GB RAM, 64GB 4GB RAM","12 MP, f/1.9, 1/2.55"", 1.4µm, dual pixel PDAF
5 MP, f/2.0, AF",1080p@30fps,"16 MP, f/2.0, 26mm (wide), 1/3.06"", 1.0µm",1080p@30fps,170 EUR
Meizu,Meizu Pro 7 Plus,"2017, August","Android 7.0, Flyme 7.3",3500,24W,1440x2560,Super AMOLED,GSM / HSPA / EVDO / LTE,Mediatek MT6799 Helio X30 (10 nm),"Deca-core (2x2.6 GHz Cortex-A73, 4x1.9 GHz Cortex-A35, 4x2.2 GHz Cortex-A53)",PowerVR 7XTP,"64GB 6GB RAM, 128GB 6GB RAM","12 MP, f/2.0, 1/2.9"", 1.25µm, PDAF",4K@30fps,"16 MP, f/2.0, 26mm (wide), 1/3.06"", 1.0µm",,500 EUR
Meizu,Meizu Pro 7,"2017, August","Android 7.0, Flyme 7.3",3000,24W,1080x1920,Super AMOLED,GSM / HSPA / EVDO / LTE,"Mediatek MT6757T Helio P25 (16 nm) - standard edition
Mediatek MT6799 Helio X30 (10 nm) - high edition","Octa-core (4x2.4 GHz Cortex-A53 & 4x1.6 GHz Cortex-A53)
Deca-core (2x2.6 GHz Cortex-A73, 4x1.9 GHz Cortex-A35, 4x2.2 GHz Cortex-A53)","Mali-T880MP2
PowerVR 7XTP","64GB 4GB RAM, 128GB 4GB RAM","12 MP, f/2.0, 1/2.9"", 1.25µm, PDAF","4K@30fps, 1080p@30fps","16 MP, f/2.0, 26mm (wide), 1/3.06"", 1.0µm",1080p@30fps,400 EUR
Meizu,Meizu M5c,"2017, June","Android 6.0, Flyme 6",3000,,720x1280,IPS LCD,GSM / HSPA / LTE,Mediatek MT6737 (28 nm),Quad-core 1.3 GHz Cortex-A53,Mali-T720MP1,16GB 2GB RAM,"8 MP, f/2.0, AF",720p@30fps,"5 MP, f/2.2",,140 EUR
Meizu,Meizu E2,"2017, April","Android 7, Flyme 6",3400,24W,1080x1920,IPS LCD,GSM / HSPA / LTE,Mediatek MT6757 Helio P20 (16 nm),Octa-core (4x2.3 GHz Cortex-A53 & 4x1.6 GHz Cortex-A53),Mali-T880MP2,"16GB 2GB RAM, 32GB 3GB RAM, 64GB 4GB RAM","13 MP, f/2.2, PDAF",1080p@30fps,"8 MP, f/2.0, 1/3.2"", 1.4µm",1080p@30fps,210 EUR
Meizu,Meizu M5s,"2017, February","Android 6.0, Flyme 5.2",3000,24W,720x1280,IPS LCD,GSM / HSPA / LTE,Mediatek MT6753 (28 nm),Octa-core 1.3 GHz Cortex-A53,Mali-T720MP2,"16GB 3GB RAM, 32GB 3GB RAM","13 MP, f/2.2, PDAF",1080p@30fps,"5 MP, f/2.0",,130 EUR
Meizu,Meizu M5 Note,"2016, December","Android 6.0, Flyme 7.3",4000,24W,1080x1920,IPS LCD,GSM / HSPA / LTE,Mediatek MT6755 Helio P10 (28 nm),Octa-core (4x1.8 GHz Cortex-A53 & 4x1.0 GHz Cortex-A53),Mali-T860MP2,"16GB 4GB RAM, 32GB 3GB RAM, 64GB 4GB RAM","13 MP, f/2.2, PDAF",1080p@30fps,"5 MP, f/2.0",,190 EUR
Meizu,Meizu M3x,"2016, December","Android 6, Flyme 6",3200,24W,1080x1920,IPS LCD,GSM / HSPA / LTE,Mediatek MT6757 Helio P20 (16 nm),Octa-core (4x2.3 GHz Cortex-A53 & 4x1.6 GHz Cortex-A53),Mali-T880MP2,"32GB 3GB RAM, 64GB 4GB RAM","12 MP, f/2.0, 1/2.9"", 1.25µm, PDAF",1080p@30fps,"5 MP, f/2.0, 1/4.0"", 1.4µm",1080p@30fps,Na
Meizu,Meizu Pro 6 Plus,"2016, November","Android 6, Flyme 7.3",3400,24W,1440x2560,Super AMOLED,GSM / HSPA / EVDO / LTE,Exynos 8890 Octa (14 nm),"Octa-core (4x2.0 GHz Mongoose & 4x1.5 GHz Cortex-A53) - 64 GB version
Octa-core (4x2.3 GHz Mongoose & 4x1.6 GHz Cortex-A53) - 128 GB version","Mali-T880 MP10 - 64 GB version
Mali-T880 MP12 - 128 GB version","64GB 4GB RAM, 128GB 4GB RAM","12 MP, f/2.0, 1/2.9"", 1.25µm, PDAF, 4-axis OIS","4K@30fps, 1080p@30fps","5 MP, f/2.0, 1/4.0"", 1.4µm",1080p@30fps,550 EUR
Meizu,Meizu MX5e,"2016, April","Android 5.1, Flyme 5",3150,24W,1080x1920,AMOLED,GSM / HSPA / LTE,Mediatek MT6795 Helio X10 (28 nm),Octa-core 2.0 GHz Cortex-A53,PowerVR G6200,"16GB 3GB RAM, 32GB 3GB RAM","16 MP, AF",1080p@30fps,5 MP,,190 EUR
Meizu,Meizu U10,"2016, August",Android OS,2760,,720x1280,IPS LCD,GSM / HSPA / LTE,Mediatek MT6750 (28 nm),Octa-core (4x1.5 GHz Cortex-A53 & 4x1.0 GHz Cortex-A53),Mali-T860MP2,"16GB 2GB RAM, 32GB 3GB RAM","13 MP, f/2.2, PDAF",1080p@30fps,"5 MP, f/2.0",,160 EUR
Meizu,Meizu U20,"2016, August","Android 6.0, Flyme UI",3260,,1080x1920,IPS LCD,GSM / HSPA / LTE,Mediatek MT6755 Helio P10 (28 nm),Octa-core (4x1.8 GHz Cortex-A53 & 4x1.0 GHz Cortex-A53),Mali-T860MP2,"16GB 2GB RAM, 32GB 3GB RAM","13 MP, f/2.2, PDAF",1080p@30fps,"5 MP, f/2.0",,190 EUR
Meizu,Meizu Pro 6s,"2016, December","Android 6.0, Flyme 7.3",3060,24W,1080x1920,Super AMOLED,GSM / HSPA / EVDO / LTE,Mediatek MT6797T Helio X25 (20 nm),"Deca-core (2x2.5 GHz Cortex-A72, 4x2 GHz Cortex-A53, 4x1.4 GHz Cortex-A53)",Mali-T880 MP4,64GB 4GB RAM,"12 MP, f/2.0, 1/2.9"", 1.25µm, PDAF, 4-axis OIS","4K@30fps, 1080p@30fps","5 MP, f/2.0, 1/4.0"", 1.4µm",1080p@30fps,430 EUR
Meizu,Meizu M5,"2016, November","Android 6.0, Flyme 6.3",3070,,720x1280,IPS LCD,GSM / HSPA / LTE,Mediatek MT6750 (28 nm),Octa-core (4x1.5 GHz Cortex-A53 & 4x1.0 GHz Cortex-A53),Mali-T860MP2,"16GB 2GB RAM, 32GB 3GB RAM","13 MP, f/2.2, PDAF",1080p@30fps,"5 MP, f/2.0",1080p@30fps,120 EUR
Meizu,Meizu M3 Max,"2016, September","Android 6.0, Flyme 5.2",4100,24W,1080x1920,IPS LCD,GSM / HSPA / LTE,Mediatek MT6755 Helio P10 (28 nm),Octa-core (4x1.8 GHz Cortex-A53 & 4x1.0 GHz Cortex-A53),Mali-T860MP2,64GB 3GB RAM,"13 MP, f/2.2, 1/3.0"", PDAF",1080p@30fps,"5 MP, f/2.0",,270 EUR
Meizu,Meizu M3e,"2016, August","Android 5.1, Flyme 5.2",3100,24W,1080x1920,IPS LCD,GSM / HSPA / LTE,Mediatek MT6755 Helio P10 (28 nm),Octa-core (4x1.8 GHz Cortex-A53 & 4x1.0 GHz Cortex-A53),Mali-T860MP2,32GB 3GB RAM,"13 MP, f/2.2, 1/3.0"", PDAF",1080p@30fps,"5 MP, f/2.0",,220 EUR
Meizu,Meizu MX6,"2016, July","Android 6.0, Flyme 7.3",3060,24W,1080x1920,TDDI,GSM / HSPA / LTE,Mediatek MT6797 Helio X20 (20 nm),"Deca-core (2x2.3GHz Cortex-A72, 4x1.9GHz Cortex-A53, 4x1.4GHz Cortex-A53)",Mali-T880 MP4,"32GB 3GB RAM, 32GB 4GB RAM","12 MP, f/2.0, 1/2.9"", 1.25µm, PDAF","4K@30fps, 1080p@30fps","5 MP, f/2.0",1080p@30fps,300 EUR
Meizu,Meizu M3s,"2016, June","Android 5.1, Flyme 5.1",3020,,720x1280,IPS LCD,GSM / HSPA / LTE,Mediatek MT6750 (28 nm),Octa-core (4x1.5 GHz Cortex-A53 & 4x1.0 GHz Cortex-A53),Mali-T860MP2,"16GB 2GB RAM, 32GB 3GB RAM","13 MP, f/2.2, PDAF",1080p@30fps,"5 MP, f/2.0",,120 EUR
Meizu,Meizu M3,"2016, May","Android 5.1, Flyme 5.1",2870,,720x1280,IPS LCD,GSM / HSPA / LTE,Mediatek MT6750 (28 nm),Octa-core (4x1.5 GHz Cortex-A53 & 4x1.0 GHz Cortex-A53),Mali-T860MP2,"16GB 2GB RAM, 32GB 3GB RAM","13 MP, f/2.2, PDAF",1080p@30fps,"5 MP, f/2.0",,130 EUR
Meizu,Meizu Pro 6,"2016, May","Android 6.0, Flyme 8",2560,24W,1080x1920,Super AMOLED,GSM / HSPA / EVDO / LTE,Mediatek MT6797T Helio X25 (20 nm),"Deca-core (2x2.5 GHz Cortex-A72, 4x2 GHz Cortex-A53, 4x1.4 GHz Cortex-A53)",Mali-T880 MP4,"32GB 4GB RAM, 64GB 4GB RAM","21 MP, f/2.2, 31mm (standard), 1/2.4"", PDAF","4K@30fps, 720p@100fps","5 MP, f/2.0, 1/4.0"", 1.4µm",1080p@30fps,410 EUR
Meizu,Meizu M3 Note,"2016, April","Android 5.1, Flyme UI",4100,,1080x1920,IPS LCD,GSM / HSPA / LTE,Mediatek MT6755 Helio P10 (28 nm),Octa-core (4x1.8 GHz Cortex-A53 & 4x1.0 GHz Cortex-A53),Mali-T860MP2,"16GB 2GB RAM, 32GB 3GB RAM","13 MP, f/2.2, PDAF",1080p@30fps,"5 MP, f/2.0",1080p@30fps,180 EUR
Meizu,Meizu M1 Metal,"2015, October","Android, 5.1.1, Flyme 5.1",3140,,1080x1920,IPS LCD,GSM / HSPA / LTE,Mediatek MT6795 Helio X10 (28 nm),Octa-core 2.0 GHz Cortex-A53,PowerVR G6200,"16GB 2GB RAM, 32GB 2GB RAM","13 MP, f/2.2, AF",1080p@30fps,"5 MP, f/2.0",1080p@30fps,170 EUR
Meizu,Meizu PRO 5,"2015, October","Android 5.1, Flyme 5",3050,24W,1080x1920,AMOLED,GSM / HSPA / LTE,Exynos 7420 Octa (14 nm),Octa-core (4x2.1 GHz Cortex-A57 & 4x1.5 GHz Cortex-A53),Mali-T760MP8,"32GB 3GB RAM, 64GB 4GB RAM","21 MP, f/2.2, 31mm (standard), 1/2.4"", 1.12µm, PDAF","4K@30fps, 1080p@30fps","5 MP, f/2.0, 27mm (wide)",1080p@30fps,390 EUR
Meizu,Meizu M2,"2015, July","Android 5.1, Flyme 4.5",2500,,720x1280,IPS LCD,GSM / HSPA / LTE,Mediatek MT6735 (28 nm),Quad-core 1.3 GHz Cortex-A53,Mali-T720MP2,16GB 2GB RAM,"13 MP, f/2.2, AF",1080p@30fps,"5 MP, f/2.0",,130 EUR
Meizu,Meizu MX5,"2015, July","Android 5.0.1, Flyme 4.5",3150,24W,1080x1920,AMOLED,GSM / HSPA / LTE,Mediatek MT6795 Helio X10 (28 nm),Octa-core 2.2 GHz Cortex-A53,PowerVR G6200,"16GB 3GB RAM, 32GB 3GB RAM, 64GB 3GB RAM","20.7 MP, f/2.2, 1/2.3"", 1.2µm","4K@30fps, 1080p@30fps, 720p@100fps","5 MP, f/2.2",1080p@30fps,210 EUR
Meizu,Meizu M2 Note,"2015, June","Android 5.0, Flyme 4.5",3100,,1080x1920,IGZO IPS LCD,GSM / HSPA / LTE,Mediatek MT6753 (28 nm),Octa-core 1.3 GHz Cortex-A53,Mali-T720MP3,"16GB 2GB RAM, 32GB 2GB RAM","13 MP, f/2.2, 1/3.0"", AF","1080p, 1080p@30fps","5 MP, f/2.0, 1/5.0"", 1.12µm",1080p@30fps,200 EUR
Meizu,Meizu M1,"2015, April",Android 4.4.4,2500,,768x1280,TFT,GSM / HSPA / LTE,Mediatek MT6732 (28 nm),Quad-core 1.5 GHz Cortex-A53,Mali-T760MP2,8GB 1GB RAM,"13 MP, f/2.2, AF",1080p@30fps,"5 MP, f/2.0",,100 EUR
Meizu,Meizu M1 Note,"2015, January","Android 4.4.4, Flyme 4",3140,,1080x1920,IGZO IPS LCD,GSM / HSPA / LTE,Mediatek MT6752 (28 nm),Octa-core 1.7 GHz Cortex-A53,Mali-T760,"16GB 2GB RAM, 32GB 2GB RAM","13 MP, f/2.2, 1/3.0"", AF",1080p@30fps,"5 MP, f/2.0",,130 EUR
Meizu,Meizu MX4 Pro,"2014, December","Android 4.4.4, Flyme 4",3350,,1536x2560,IPS LCD,GSM / HSPA / LTE,Exynos 5430 Octa (20 nm),Octa-core (4x2.0 GHz Cortex-A15 & 4x1.5 GHz Cortex-A7),Mali-T628MP6,"16GB 3GB RAM, 32GB 3GB RAM, 64GB 3GB RAM","20.7 MP, f/2.2, 1/2.3"", AF","4K@30fps, 1080p@30fps","5 MP, f/2.0",1080p@30fps,400 EUR
Meizu,Meizu MX4,"2014, September","Android 4.4.4, Flyme 4",3100,,1152x1920,IPS LCD,GSM / HSPA / LTE,Mediatek MT6595,Octa-core (4x2.2 GHz Cortex-A17 & 4x1.7 GHz Cortex-A7),PowerVR G6200,"16GB 2GB RAM, 32GB 2GB RAM, 64GB 2GB RAM","20.7 MP, f/2.2, 1/2.3"", AF","4K@30fps, 1080p@30fps",2 MP,1080p@30fps,340 EUR
Meizu,Meizu MX3,"2013, October","Android 4.2, Flyme 3",2400,,1080x1800,IPS LCD,GSM / HSPA,Exynos 5410 Octa (28 nm),Octa-core (4x1.6 GHz Cortex-A15 & 4x1.2 GHz Cortex-A7),PowerVR SGX544MP3,"16GB 2GB RAM, 32GB 2GB RAM, 64GB 2GB RAM, 128GB 2GB RAM","8 MP, f/2.0, 1/3.2"", 1.4µm, AF",1080p@30fps,2 MP,1080p@30fps,370 EUR
Meizu,Meizu MX2,"2012, December",Android 4.1.1,1800,,800x1280,IPS LCD,GSM / HSPA,Exynos 4412 Quad (32 nm),Quad-core 1.6 GHz Cortex-A9,Mali-400MP4,"16GB 2GB RAM, 32GB 2GB RAM, 64GB 2GB RAM","8 MP, f/2.4, AF",1080p@30fps,1.2 MP,720p@30fps,310 EUR
Meizu,Meizu MX 4-core,"2012, August",Android 4.0,1700,,640x960,ASV,GSM / HSPA,Exynos,Quad-core 1.4 GHz Cortex-A9,Mali-400,"32GB 1GB RAM, 64GB 1GB RAM","8 MP, f/2.2, AF",1080p@30fps,VGA,,310 EUR
Meizu,Meizu MX,"2012, March","Android 2.3.5, up to 4.0",1600,,640x960,ASV,GSM / HSPA,Exynos,Dual-core 1.4 GHz Cortex-A9,Mali-400,16GB 1GB RAM,"8 MP, f/2.2, AF",1080p@30fps,VGA,,270 EUR
Meizu,Meizu PRO 5 mini,Cancelled,"Android 5.1, Flyme 5",Na,24W,1080x1920,AMOLED,GSM / HSPA / LTE,Mediatek MT6797 Helio X20 (20 nm),"Deca-core (2x2.3 GHz Cortex-A72, 4x2 GHz Cortex-A53, 4x1.4 GHz Cortex-A53)",Mali-T880 MP4,32GB 3GB RAM,"16 MP, f/2.2, AF",1080p@30fps,"5 MP, f/2.0",,360 EUR
